{"is_source_file": false, "format": "", "description": "", "external_files": [], "external_methods": [], "published": [], "classes": [], "methods": [], "calls": [], "search-terms": [], "state": 2, "file_id": 1, "knowledge_revision": 14, "git_revision": "21dc8430d9048c3ee23e104480bda174ae2c2664", "hash": "17cd94d9105defaf01bc7d739c32a7d9", "format-version": 4, "code-base-name": "tic_tac_toe_frontend", "filename": "README.md", "revision_history": [{"14": "21dc8430d9048c3ee23e104480bda174ae2c2664"}]}