{"is_source_file": false, "format": "", "description": "", "external_files": [], "external_methods": [], "published": [], "classes": [], "methods": [], "calls": [], "search-terms": [], "state": 2, "file_id": 1, "knowledge_revision": 27, "git_revision": "47ec58848cd0ab0a060b3beb29d2fd73d3da7a02", "revision_history": [{"14": "21dc8430d9048c3ee23e104480bda174ae2c2664"}, {"27": "47ec58848cd0ab0a060b3beb29d2fd73d3da7a02"}], "hash": "5f0685836ae10e2e004253f8b888265e", "format-version": 4, "code-base-name": "tic_tac_toe_frontend", "filename": "README.md"}