{"is_source_file": true, "format": "JavaScript", "description": "This is the main entry point for a React application, responsible for rendering the root component into the DOM.", "external_files": ["react", "react-dom/client", "./index.css", "./App"], "external_methods": ["ReactDOM.createRoot", "root.render"], "published": [], "classes": [], "methods": [{"name": "root.render", "description": "Renders the React app within the strict mode context."}], "calls": ["ReactDOM.createRoot", "root.render"], "search-terms": ["React", "ReactDOM", "index.js", "entry point", "rendering", "App component"], "state": 2, "file_id": 7, "knowledge_revision": 23, "git_revision": "c4ea455c840cd3a85755d9d4b62975de897bc390", "ctags": [{"_type": "tag", "name": "root", "path": "/home/kavia/workspace/code-generation/browser-tic-tac-toe-313658-313667/tic_tac_toe_frontend/src/index.js", "pattern": "/^const root = ReactDOM.createRoot(document.getElementById('root'));$/", "language": "JavaScript", "kind": "constant"}], "hash": "9fc5841375336fc175b49f8767a11383", "format-version": 4, "code-base-name": "tic_tac_toe_frontend", "filename": "tic_tac_toe_frontend/src/index.js", "revision_history": [{"23": "c4ea455c840cd3a85755d9d4b62975de897bc390"}]}