{"is_source_file": true, "format": "JavaScript (React JSX)", "description": "This file defines a React component named 'App' that manages a theme toggling feature (light/dark mode). It utilizes React hooks like useState and useEffect, handles user interaction via a button, and renders a simple interface including an image, some text, and a link.", "external_files": ["./logo.svg", "./App.css"], "external_methods": [], "published": ["App"], "classes": [], "methods": [{"name": "App()", "description": "React functional component that manages theme state and renders UI elements including a theme toggle button.", "scope": "", "scopeKind": ""}, {"name": "toggleTheme", "description": "Function that switches the theme state between 'light' and 'dark'."}], "calls": ["React.useState", "React.useEffect", "document.documentElement.setAttribute", "setTheme", "prevTheme => prevTheme === 'light' ? 'dark' : 'light'", "document.querySelector", [-1], "setAttribute", "console.log", "Object.assign", "window.addEventListener", "setTimeout", "clearTimeout"], "search-terms": ["React useState hook", "React useEffect hook", "theme toggle button", "App component", "dark mode toggle", "React JSX"], "state": 2, "file_id": 4, "knowledge_revision": 25, "git_revision": "c4ea455c840cd3a85755d9d4b62975de897bc390", "ctags": [{"_type": "tag", "name": "App", "path": "/home/kavia/workspace/code-generation/browser-tic-tac-toe-313658-313667/tic_tac_toe_frontend/src/App.js", "pattern": "/^function App() {$/", "language": "JavaScript", "kind": "function", "signature": "()"}, {"_type": "tag", "name": "Switch to ${theme === 'light' ? 'dark' : 'light'} mode", "path": "/home/kavia/workspace/code-generation/browser-tic-tac-toe-313658-313667/tic_tac_toe_frontend/src/App.js", "pattern": "/^          aria-label={`Switch to ${theme === 'light' ? 'dark' : 'light'} mode`}$/", "language": "JavaScript", "kind": "field", "scope": "App.aria", "scopeKind": "class"}, {"_type": "tag", "name": "toggleTheme", "path": "/home/kavia/workspace/code-generation/browser-tic-tac-toe-313658-313667/tic_tac_toe_frontend/src/App.js", "pattern": "/^          onClick={toggleTheme}$/", "language": "JavaScript", "kind": "field", "scope": "App.onClick", "scopeKind": "class"}], "hash": "b55dd9e6a018e59207d8e277dffd9e11", "format-version": 4, "code-base-name": "tic_tac_toe_frontend", "filename": "tic_tac_toe_frontend/src/App.js", "fields": [{"name": "aria-label={`Switch to ${theme === 'light' ? 'dark' : 'light'} mode`}", "scope": "App.aria", "scopeKind": "class", "description": "unavailable"}, {"name": "onClick={toggleTheme}", "scope": "App.onClick", "scopeKind": "class", "description": "unavailable"}], "revision_history": [{"25": "c4ea455c840cd3a85755d9d4b62975de897bc390"}]}