{"is_source_file": false, "format": "", "description": "", "external_files": [], "external_methods": [], "published": [], "classes": [], "methods": [], "calls": [], "search-terms": [], "state": 2, "file_id": 8, "knowledge_revision": 26, "git_revision": "c4ea455c840cd3a85755d9d4b62975de897bc390", "hash": "8c6fe19e75e5ef0f0ea6defd4769b5f1", "format-version": 4, "code-base-name": "tic_tac_toe_frontend", "filename": "tic_tac_toe_frontend/README.md", "revision_history": [{"26": "c4ea455c840cd3a85755d9d4b62975de897bc390"}]}