{"is_source_file": true, "format": "JavaScript", "description": "This file sets up testing utilities for a frontend project, specifically importing jest-dom for extending Jest's matchers with custom DOM assertions.", "external_files": ["@testing-library/jest-dom"], "external_methods": [], "published": [], "classes": [], "methods": [], "calls": ["import '@testing-library/jest-dom'"], "search-terms": ["setupTests.js", "jest-dom", "testing-library", "jest matchers", "DOM assertions"], "state": 2, "file_id": 2, "knowledge_revision": 22, "git_revision": "c4ea455c840cd3a85755d9d4b62975de897bc390", "ctags": [], "hash": "1a77571e1a8cf36018a41bcedf60db75", "format-version": 4, "code-base-name": "tic_tac_toe_frontend", "filename": "tic_tac_toe_frontend/src/setupTests.js", "revision_history": [{"22": "c4ea455c840cd3a85755d9d4b62975de897bc390"}]}